Epoch,Iteration,Time,Loss,LossEpoch,ValidLossEpoch,Alpha,AlphaEpoch,Beta
0,0,0,2.2230894565582275,2.2230894565582275,2.3226714935302732,0.01,0.01,0.1
1,2,0.02315068244934082,2.376302480697632,nan,nan,0.0100,nan,0.1
1,3,0.0490260124206543,2.000295400619507,nan,nan,2.2444,nan,0.1
1,4,0.07393145561218262,61.37015151977539,nan,nan,-0.5125,nan,0.1
1,5,0.09863519668579102,181.73297119140625,nan,nan,25.0121,nan,0.1
1,6,0.1231985092163086,2045.8485107421875,nan,nan,16.2182,nan,0.1
1,7,0.14772939682006836,2507.82958984375,nan,nan,11.6403,nan,0.1
1,8,0.17271804809570312,2145.295166015625,nan,nan,10.3826,nan,0.1
1,9,0.19802284240722656,2173.988525390625,nan,nan,9.8175,nan,0.1
1,10,0.2211003303527832,1120.195068359375,nan,nan,9.6093,nan,0.1
1,11,0.2453465461730957,1083.592041015625,nan,nan,9.6048,nan,0.1
1,12,0.26986193656921387,1691.205078125,nan,nan,9.8760,nan,0.1
1,13,0.2946178913116455,1810.302978515625,nan,nan,10.3499,nan,0.1
1,14,0.3181154727935791,1235.8271484375,nan,nan,11.0720,nan,0.1
1,15,0.34246015548706055,1314.27783203125,nan,nan,12.2138,nan,0.1
1,16,0.36663341522216797,1111.6864013671875,nan,nan,13.1515,nan,0.1
1,17,0.39168405532836914,1325.9547119140625,nan,nan,14.9490,nan,0.1
1,18,0.41620421409606934,574.35205078125,nan,nan,16.2407,nan,0.1
1,19,0.440716028213501,683.9214477539062,nan,nan,17.2002,nan,0.1
1,20,0.46362853050231934,538.3560180664062,nan,nan,17.6211,nan,0.1
1,21,0.4881865978240967,304.86224365234375,nan,nan,17.7362,nan,0.1
1,22,0.5134663581848145,272.980712890625,nan,nan,17.8468,nan,0.1
1,23,0.5359928607940674,446.8221740722656,nan,nan,16.9417,nan,0.1
1,24,0.5606338977813721,437.4255065917969,nan,nan,16.4907,nan,0.1
1,25,0.5844714641571045,889.3416748046875,nan,nan,16.0097,nan,0.1
1,26,0.6098556518554688,811.0360107421875,nan,nan,16.4150,nan,0.1
1,27,0.6342775821685791,175.2040557861328,nan,nan,16.5653,nan,0.1
1,28,0.6598632335662842,195.56480407714844,nan,nan,16.8856,nan,0.1
1,29,0.684959888458252,244.65664672851562,nan,nan,17.1448,nan,0.1
1,30,0.7106726169586182,184.95376586914062,nan,nan,16.9516,nan,0.1
1,31,0.7347612380981445,244.79835510253906,nan,nan,16.8429,nan,0.1
1,32,0.76009202003479,343.6136169433594,nan,nan,16.7618,nan,0.1
1,33,0.7851910591125488,371.4801025390625,nan,nan,16.6277,nan,0.1
1,34,0.8107364177703857,213.37034606933594,nan,nan,16.5556,nan,0.1
1,35,0.835094690322876,90.4298324584961,nan,nan,16.4419,nan,0.1
1,36,0.8599278926849365,111.88457489013672,nan,nan,16.4117,nan,0.1
1,37,0.8839612007141113,136.40606689453125,nan,nan,16.4150,nan,0.1
1,38,0.9087204933166504,71.39807891845703,nan,nan,16.3990,nan,0.1
1,39,0.9322524070739746,225.44375610351562,nan,nan,16.4397,nan,0.1
1,40,0.957801342010498,185.59390258789062,nan,nan,16.5162,nan,0.1
1,41,0.9824841022491455,165.53463745117188,nan,nan,16.4424,nan,0.1
1,42,1.0083580017089844,208.36712646484375,nan,nan,16.4672,nan,0.1
1,43,1.034147024154663,77.30236053466797,nan,nan,16.4619,nan,0.1
1,44,1.0597004890441895,180.8930206298828,nan,nan,16.5823,nan,0.1
1,45,1.0854911804199219,189.28662109375,nan,nan,16.4180,nan,0.1
1,46,1.1117584705352783,132.95286560058594,nan,nan,16.4458,nan,0.1
1,47,1.1369712352752686,156.23480224609375,nan,nan,16.5098,nan,0.1
1,48,1.3205053806304932,170.150634765625,613.7893741587375,159.0873837890625,16.5852,14.5322,0.1
2,49,1.3430938720703125,209.4647216796875,nan,nan,16.6047,nan,0.1
2,50,1.3685555458068848,91.6182632446289,nan,nan,16.6566,nan,0.1
2,51,1.3925576210021973,143.4447021484375,nan,nan,16.7010,nan,0.1
2,52,1.4177837371826172,123.90140533447266,nan,nan,16.6254,nan,0.1
2,53,1.4419825077056885,114.41382598876953,nan,nan,16.5349,nan,0.1
2,54,1.4672002792358398,98.22552490234375,nan,nan,16.4885,nan,0.1
2,55,1.4917306900024414,37.12793731689453,nan,nan,16.4599,nan,0.1
2,56,1.517765998840332,61.209495544433594,nan,nan,16.4451,nan,0.1
2,57,1.5407147407531738,75.74552154541016,nan,nan,16.3982,nan,0.1
2,58,1.5657730102539062,108.08964538574219,nan,nan,16.3706,nan,0.1
2,59,1.5895981788635254,100.78617858886719,nan,nan,16.3785,nan,0.1
2,60,1.6148438453674316,64.1957015991211,nan,nan,16.3532,nan,0.1
2,61,1.637988567352295,92.39176177978516,nan,nan,16.3392,nan,0.1
2,62,1.6634893417358398,66.47289276123047,nan,nan,16.3247,nan,0.1
2,63,1.6868646144866943,41.07761001586914,nan,nan,16.1968,nan,0.1
2,64,1.7125239372253418,77.10958862304688,nan,nan,16.1444,nan,0.1
2,65,1.7359282970428467,81.02481842041016,nan,nan,16.2004,nan,0.1
2,66,1.7610070705413818,94.62967681884766,nan,nan,16.0200,nan,0.1
2,67,1.7845654487609863,80.45063018798828,nan,nan,16.0465,nan,0.1
2,68,1.8097963333129883,64.91926574707031,nan,nan,16.0258,nan,0.1
2,69,1.8322017192840576,89.99886322021484,nan,nan,15.9974,nan,0.1
2,70,1.8575680255889893,53.539093017578125,nan,nan,15.9076,nan,0.1
2,71,1.8827524185180664,148.1117706298828,nan,nan,15.9219,nan,0.1
2,72,1.9081039428710938,83.01791381835938,nan,nan,15.8308,nan,0.1
2,73,1.9316473007202148,67.94770812988281,nan,nan,15.7765,nan,0.1
2,74,1.9637112617492676,59.660430908203125,nan,nan,15.7161,nan,0.1
2,75,1.9890952110290527,69.29248809814453,nan,nan,15.5799,nan,0.1
2,76,2.013029098510742,156.13851928710938,nan,nan,15.3944,nan,0.1
2,77,2.0386035442352295,47.96535873413086,nan,nan,15.2791,nan,0.1
2,78,2.0613608360290527,42.147796630859375,nan,nan,15.2518,nan,0.1
2,79,2.089106321334839,77.08832550048828,nan,nan,15.1972,nan,0.1
2,80,2.1174042224884033,43.7955436706543,nan,nan,14.9287,nan,0.1
2,81,2.1441941261291504,125.10015106201172,nan,nan,14.8287,nan,0.1
2,82,2.1725966930389404,48.893218994140625,nan,nan,14.7625,nan,0.1
2,83,2.1994569301605225,61.374515533447266,nan,nan,14.6664,nan,0.1
2,84,2.227698802947998,25.954132080078125,nan,nan,14.7436,nan,0.1
2,85,2.2559561729431152,82.06958770751953,nan,nan,14.5470,nan,0.1
2,86,2.282771587371826,51.114112854003906,nan,nan,14.5507,nan,0.1
2,87,2.310804605484009,105.55570220947266,nan,nan,14.4685,nan,0.1
2,88,2.3369903564453125,27.683942794799805,nan,nan,14.4166,nan,0.1
2,89,2.365612745285034,66.5533447265625,nan,nan,14.4102,nan,0.1
2,90,2.3931174278259277,66.1725082397461,nan,nan,14.3426,nan,0.1
2,91,2.421699047088623,62.67947006225586,nan,nan,14.0900,nan,0.1
2,92,2.4481201171875,31.61791229248047,nan,nan,14.0063,nan,0.1
2,93,2.4767279624938965,43.27846908569336,nan,nan,14.0168,nan,0.1
2,94,2.5034756660461426,56.55150604248047,nan,nan,13.9561,nan,0.1
2,95,2.6835992336273193,42.99536895751953,77.92759408342077,72.25418774414062,13.9523,15.5288,0.1
3,96,2.708643913269043,59.621036529541016,nan,nan,13.9310,nan,0.1
3,97,2.7370593547821045,83.90836334228516,nan,nan,13.8069,nan,0.1
3,98,2.7637391090393066,35.80742645263672,nan,nan,13.4632,nan,0.1
3,99,2.791952133178711,46.88725280761719,nan,nan,13.3862,nan,0.1
3,100,2.820207357406616,63.90458679199219,nan,nan,13.3821,nan,0.1
3,101,2.848189115524292,61.59211349487305,nan,nan,13.3541,nan,0.1
3,102,2.8761215209960938,24.433208465576172,nan,nan,13.3451,nan,0.1
3,103,2.904003620147705,35.77725601196289,nan,nan,13.2352,nan,0.1
3,104,2.93267560005188,28.05094337463379,nan,nan,13.0976,nan,0.1
3,105,2.961099147796631,49.38970184326172,nan,nan,12.9985,nan,0.1
3,106,2.98886775970459,29.23965835571289,nan,nan,12.8606,nan,0.1
3,107,3.0172812938690186,45.8028678894043,nan,nan,12.7854,nan,0.1
3,108,3.049163341522217,16.717815399169922,nan,nan,12.7814,nan,0.1
3,109,3.0732791423797607,63.411624908447266,nan,nan,12.7061,nan,0.1
3,110,3.097968101501465,48.815155029296875,nan,nan,12.6790,nan,0.1
3,111,3.122305154800415,40.31705856323242,nan,nan,12.6180,nan,0.1
3,112,3.1465721130371094,28.904430389404297,nan,nan,12.5401,nan,0.1
3,113,3.1696200370788574,40.99305725097656,nan,nan,12.4399,nan,0.1
3,114,3.195861577987671,35.154903411865234,nan,nan,12.4525,nan,0.1
3,115,3.2198259830474854,41.145965576171875,nan,nan,12.2467,nan,0.1
3,116,3.243917226791382,16.3017578125,nan,nan,12.2617,nan,0.1
3,117,3.267839193344116,65.28502655029297,nan,nan,12.1227,nan,0.1
3,118,3.290278196334839,49.596187591552734,nan,nan,12.1647,nan,0.1
3,119,3.314263343811035,35.91732406616211,nan,nan,12.0845,nan,0.1
3,120,3.3372573852539062,25.388957977294922,nan,nan,12.0108,nan,0.1
3,121,3.3614354133605957,34.70097351074219,nan,nan,12.0190,nan,0.1
3,122,3.3846700191497803,48.54473876953125,nan,nan,11.9681,nan,0.1
3,123,3.4086196422576904,18.748424530029297,nan,nan,11.9602,nan,0.1
3,124,3.432448625564575,46.19208908081055,nan,nan,11.9728,nan,0.1
3,125,3.456763982772827,74.60684204101562,nan,nan,11.7250,nan,0.1
3,126,3.4809632301330566,27.55065155029297,nan,nan,11.6119,nan,0.1
3,127,3.5047059059143066,32.336143493652344,nan,nan,11.5495,nan,0.1
3,128,3.5288538932800293,43.212005615234375,nan,nan,11.4192,nan,0.1
3,129,3.5527169704437256,57.828914642333984,nan,nan,11.0991,nan,0.1
3,130,3.5767526626586914,18.59282112121582,nan,nan,11.0893,nan,0.1
3,131,3.6012837886810303,44.49226760864258,nan,nan,11.0747,nan,0.1
3,132,3.6259613037109375,29.859298706054688,nan,nan,10.9804,nan,0.1
3,133,3.6500039100646973,39.07970428466797,nan,nan,10.9235,nan,0.1
3,134,3.674226760864258,39.42070388793945,nan,nan,10.8311,nan,0.1
3,135,3.6993141174316406,49.53550720214844,nan,nan,10.7297,nan,0.1
3,136,3.7245588302612305,43.551124572753906,nan,nan,10.7152,nan,0.1
3,137,3.7485475540161133,33.161041259765625,nan,nan,10.3865,nan,0.1
3,138,3.77353572845459,41.17372131347656,nan,nan,10.4298,nan,0.1
3,139,3.7975316047668457,22.956703186035156,nan,nan,10.3580,nan,0.1
3,140,3.8231141567230225,29.0097599029541,nan,nan,10.3997,nan,0.1
3,141,3.847445487976074,51.785194396972656,nan,nan,10.2633,nan,0.1
3,142,4.034270524978638,59.19975662231445,41.65749079115847,55.201103515625,10.2967,12.0118,0.1
4,143,4.057343006134033,19.72708511352539,nan,nan,10.1841,nan,0.1
4,144,4.082450866699219,15.621841430664062,nan,nan,10.1901,nan,0.1
4,145,4.105616092681885,22.617698669433594,nan,nan,10.1163,nan,0.1
4,146,4.129956007003784,23.745107650756836,nan,nan,10.1187,nan,0.1
4,147,4.153781890869141,33.1740837097168,nan,nan,10.1189,nan,0.1
4,148,4.1779539585113525,28.58689308166504,nan,nan,10.0201,nan,0.1
4,149,4.204717397689819,28.934490203857422,nan,nan,10.0241,nan,0.1
4,150,4.228708982467651,26.76272964477539,nan,nan,9.9772,nan,0.1
4,151,4.252485513687134,30.700992584228516,nan,nan,9.9534,nan,0.1
4,152,4.277162313461304,43.36173629760742,nan,nan,9.9009,nan,0.1
4,153,4.302031993865967,25.509769439697266,nan,nan,9.8407,nan,0.1
4,154,4.327972412109375,19.396953582763672,nan,nan,9.8169,nan,0.1
4,155,4.353496313095093,21.615234375,nan,nan,9.8013,nan,0.1
4,156,4.3792455196380615,25.957971572875977,nan,nan,9.7413,nan,0.1
4,157,4.404569149017334,39.86255645751953,nan,nan,9.6943,nan,0.1
4,158,4.4309563636779785,36.35577392578125,nan,nan,9.6189,nan,0.1
4,159,4.455583572387695,38.60163116455078,nan,nan,9.3627,nan,0.1
4,160,4.481491327285767,22.185546875,nan,nan,9.1654,nan,0.1
4,161,4.506202459335327,21.425189971923828,nan,nan,9.0583,nan,0.1
4,162,4.531970977783203,39.52359390258789,nan,nan,8.9875,nan,0.1
4,163,4.55702543258667,41.677764892578125,nan,nan,8.8825,nan,0.1
4,164,4.582664489746094,17.845691680908203,nan,nan,8.9046,nan,0.1
4,165,4.607495307922363,24.396713256835938,nan,nan,8.9041,nan,0.1
4,166,4.639400959014893,34.727874755859375,nan,nan,8.7446,nan,0.1
4,167,4.6654767990112305,29.880077362060547,nan,nan,8.5950,nan,0.1
4,168,4.690882444381714,23.974443435668945,nan,nan,8.5964,nan,0.1
4,169,4.7167041301727295,10.782724380493164,nan,nan,8.5757,nan,0.1
4,170,4.742116928100586,16.778242111206055,nan,nan,8.5673,nan,0.1
4,171,4.768401622772217,41.854557037353516,nan,nan,8.4818,nan,0.1
4,172,4.793551445007324,34.866546630859375,nan,nan,8.4977,nan,0.1
4,173,4.819454193115234,30.72327423095703,nan,nan,8.4304,nan,0.1
4,174,4.844922304153442,19.827529907226562,nan,nan,8.4704,nan,0.1
4,175,4.871081590652466,30.230838775634766,nan,nan,8.4260,nan,0.1
4,176,4.896657228469849,27.935890197753906,nan,nan,8.4069,nan,0.1
4,177,4.922715187072754,46.991825103759766,nan,nan,8.2256,nan,0.1
4,178,4.948114633560181,28.43206024169922,nan,nan,8.2183,nan,0.1
4,179,4.973741769790649,36.42488098144531,nan,nan,8.3107,nan,0.1
4,180,4.99875283241272,33.930686950683594,nan,nan,7.9856,nan,0.1
4,181,5.024648427963257,20.55835723876953,nan,nan,8.0695,nan,0.1
4,182,5.049997806549072,23.52122688293457,nan,nan,8.0983,nan,0.1
4,183,5.075920581817627,27.349672317504883,nan,nan,7.9392,nan,0.1
4,184,5.101208209991455,32.823490142822266,nan,nan,7.8994,nan,0.1
4,185,5.127217054367065,37.65638732910156,nan,nan,7.8951,nan,0.1
4,186,5.1523497104644775,17.707542419433594,nan,nan,7.6133,nan,0.1
4,187,5.178143262863159,22.588224411010742,nan,nan,7.5998,nan,0.1
4,188,5.205202341079712,40.163047790527344,nan,nan,7.6019,nan,0.1
4,189,5.389070987701416,15.596732139587402,28.359854941672467,43.17179223632812,7.6172,8.9202,0.1
5,190,5.412564992904663,23.752321243286133,nan,nan,7.3796,nan,0.1
5,191,5.43837571144104,15.720614433288574,nan,nan,7.3883,nan,0.1
5,192,5.467604160308838,19.47224998474121,nan,nan,7.3476,nan,0.1
5,193,5.496572494506836,35.43519973754883,nan,nan,7.2360,nan,0.1
5,194,5.525643825531006,22.86560821533203,nan,nan,7.2928,nan,0.1
5,195,5.5545947551727295,12.205629348754883,nan,nan,7.2292,nan,0.1
5,196,5.5829758644104,33.69952392578125,nan,nan,7.1578,nan,0.1
5,197,5.613062858581543,18.873615264892578,nan,nan,7.1558,nan,0.1
5,198,5.642166614532471,27.61868667602539,nan,nan,6.8806,nan,0.1
5,199,5.672168254852295,16.542753219604492,nan,nan,6.8111,nan,0.1
5,200,5.701021909713745,24.499401092529297,nan,nan,6.7309,nan,0.1
5,201,5.729856967926025,16.012771606445312,nan,nan,6.6764,nan,0.1
5,202,5.758485555648804,19.95387840270996,nan,nan,6.6282,nan,0.1
5,203,5.787924766540527,22.8363037109375,nan,nan,6.6339,nan,0.1
5,204,5.81660532951355,17.251781463623047,nan,nan,6.6043,nan,0.1
5,205,5.845544099807739,14.852425575256348,nan,nan,6.5982,nan,0.1
5,206,5.873685121536255,13.129597663879395,nan,nan,6.5582,nan,0.1
5,207,5.902045726776123,36.17460250854492,nan,nan,6.5343,nan,0.1
5,208,5.930535078048706,12.99528694152832,nan,nan,6.4361,nan,0.1
5,209,5.95925498008728,29.09319305419922,nan,nan,6.4181,nan,0.1
5,210,5.987273454666138,35.97698974609375,nan,nan,6.4814,nan,0.1
5,211,6.0157976150512695,28.08390998840332,nan,nan,6.1224,nan,0.1
5,212,6.043935537338257,10.679166793823242,nan,nan,6.0430,nan,0.1
5,213,6.072676420211792,23.91189193725586,nan,nan,6.0537,nan,0.1
5,214,6.100823879241943,11.13988208770752,nan,nan,6.0538,nan,0.1
5,215,6.129637718200684,18.740352630615234,nan,nan,6.0365,nan,0.1
5,216,6.15754771232605,28.062244415283203,nan,nan,5.8472,nan,0.1
5,217,6.1865925788879395,5.9359965324401855,nan,nan,5.7747,nan,0.1
5,218,6.213534832000732,18.274681091308594,nan,nan,5.7121,nan,0.1
5,219,6.238003492355347,18.921165466308594,nan,nan,5.6690,nan,0.1
5,220,6.261646032333374,22.853330612182617,nan,nan,5.6050,nan,0.1
5,221,6.2859272956848145,11.311960220336914,nan,nan,5.6050,nan,0.1
5,222,6.309403419494629,27.019664764404297,nan,nan,5.6015,nan,0.1
5,223,6.333959341049194,25.380510330200195,nan,nan,5.5920,nan,0.1
5,224,6.357210397720337,28.328929901123047,nan,nan,5.3981,nan,0.1
5,225,6.381377696990967,21.488265991210938,nan,nan,5.3002,nan,0.1
5,226,6.404603719711304,9.55544662475586,nan,nan,5.2986,nan,0.1
5,227,6.428877353668213,28.067466735839844,nan,nan,5.2267,nan,0.1
5,228,6.452258825302124,24.633825302124023,nan,nan,5.1237,nan,0.1
5,229,6.476897954940796,14.451250076293945,nan,nan,5.1045,nan,0.1
5,230,6.500508546829224,21.012371063232422,nan,nan,5.1041,nan,0.1
5,231,6.524970769882202,17.75822639465332,nan,nan,5.0864,nan,0.1
5,232,6.548772811889648,33.72814178466797,nan,nan,5.0959,nan,0.1
5,233,6.573201656341553,4.277368068695068,nan,nan,5.1084,nan,0.1
5,234,6.59753155708313,27.953495025634766,nan,nan,5.0785,nan,0.1
5,235,6.621748924255371,15.342249870300293,nan,nan,5.0146,nan,0.1
5,236,6.804001569747925,25.354345321655273,21.089969635009766,31.014119873046877,5.0202,6.1033,0.1
6,237,6.826095342636108,12.071184158325195,nan,nan,4.9888,nan,0.1
6,238,6.850929498672485,13.16433334350586,nan,nan,4.8797,nan,0.1
6,239,6.874547243118286,16.79910659790039,nan,nan,4.7860,nan,0.1
6,240,6.89879846572876,15.831367492675781,nan,nan,4.7576,nan,0.1
6,241,6.922525882720947,14.298750877380371,nan,nan,4.7420,nan,0.1
6,242,6.94715142250061,6.500146865844727,nan,nan,4.7201,nan,0.1
6,243,6.971038341522217,15.798844337463379,nan,nan,4.7678,nan,0.1
6,244,6.993877172470093,20.813547134399414,nan,nan,4.7081,nan,0.1
6,245,7.016232252120972,3.3028128147125244,nan,nan,4.6774,nan,0.1
6,246,7.039169788360596,10.451282501220703,nan,nan,4.6500,nan,0.1
6,247,7.062529802322388,7.934780120849609,nan,nan,4.6420,nan,0.1
6,248,7.087903261184692,13.840707778930664,nan,nan,4.6865,nan,0.1
6,249,7.11142110824585,3.160414695739746,nan,nan,4.5828,nan,0.1
6,250,7.133778810501099,5.957155227661133,nan,nan,4.5655,nan,0.1
6,251,7.156539440155029,5.007168769836426,nan,nan,4.5604,nan,0.1
6,252,7.178704500198364,13.983604431152344,nan,nan,4.5094,nan,0.1
6,253,7.202289342880249,8.950389862060547,nan,nan,4.4129,nan,0.1
6,254,7.224196434020996,10.546295166015625,nan,nan,4.4312,nan,0.1
6,255,7.2459704875946045,7.276899337768555,nan,nan,4.4065,nan,0.1
6,256,7.275125503540039,9.523014068603516,nan,nan,4.3410,nan,0.1
6,257,7.297234773635864,18.548763275146484,nan,nan,4.3262,nan,0.1
6,258,7.3194451332092285,16.50330352783203,nan,nan,4.3466,nan,0.1
6,259,7.340959787368774,10.029930114746094,nan,nan,4.3041,nan,0.1
6,260,7.363141059875488,16.493330001831055,nan,nan,4.2618,nan,0.1
6,261,7.386792421340942,3.696809768676758,nan,nan,4.2754,nan,0.1
6,262,7.410390615463257,5.928822040557861,nan,nan,4.2734,nan,0.1
6,263,7.434578895568848,7.356752395629883,nan,nan,4.2293,nan,0.1
6,264,7.458798170089722,8.226232528686523,nan,nan,4.1791,nan,0.1
6,265,7.482594728469849,12.013567924499512,nan,nan,4.1233,nan,0.1
6,266,7.508734464645386,9.168767929077148,nan,nan,4.1186,nan,0.1
6,267,7.5330774784088135,11.68736457824707,nan,nan,4.1315,nan,0.1
6,268,7.558847427368164,11.34371280670166,nan,nan,4.1689,nan,0.1
6,269,7.582643985748291,11.570716857910156,nan,nan,4.1280,nan,0.1
6,270,7.607892036437988,14.623271942138672,nan,nan,4.1002,nan,0.1
6,271,7.631935358047485,14.968201637268066,nan,nan,4.1239,nan,0.1
6,272,7.65754246711731,7.122032165527344,nan,nan,4.1505,nan,0.1
6,273,7.681159734725952,14.607881546020508,nan,nan,4.1492,nan,0.1
6,274,7.70725679397583,16.10820198059082,nan,nan,3.9919,nan,0.1
6,275,7.732850074768066,21.90836524963379,nan,nan,3.8176,nan,0.1
6,276,7.758040189743042,11.647714614868164,nan,nan,3.8110,nan,0.1
6,277,7.781597852706909,11.227615356445312,nan,nan,3.8216,nan,0.1
6,278,7.807587623596191,9.988740921020508,nan,nan,3.8608,nan,0.1
6,279,7.833780527114868,18.835216522216797,nan,nan,3.7897,nan,0.1
6,280,7.859659671783447,14.339427947998047,nan,nan,3.7878,nan,0.1
6,281,7.8852698802948,15.383672714233398,nan,nan,3.6522,nan,0.1
6,282,7.911267518997192,9.56467056274414,nan,nan,3.6085,nan,0.1
6,283,8.093285322189331,7.885909080505371,11.616825565378717,23.035901611328125,3.5735,4.2962,0.1
7,284,8.115843534469604,9.724557876586914,nan,nan,3.5442,nan,0.1
7,285,8.141063213348389,9.275397300720215,nan,nan,3.5201,nan,0.1
7,286,8.165967226028442,11.051931381225586,nan,nan,3.4352,nan,0.1
7,287,8.191587448120117,4.334439277648926,nan,nan,3.4172,nan,0.1
7,288,8.216743469238281,15.76208782196045,nan,nan,3.3865,nan,0.1
7,289,8.241917371749878,8.49730396270752,nan,nan,3.4050,nan,0.1
7,290,8.265141487121582,5.277902603149414,nan,nan,3.4296,nan,0.1
7,291,8.29030704498291,8.044400215148926,nan,nan,3.4088,nan,0.1
7,292,8.314374208450317,7.441373348236084,nan,nan,3.4145,nan,0.1
7,293,8.346702337265015,6.916917324066162,nan,nan,3.3775,nan,0.1
7,294,8.372222423553467,8.348569869995117,nan,nan,3.2940,nan,0.1
7,295,8.397507667541504,8.198381423950195,nan,nan,3.3086,nan,0.1
7,296,8.422590970993042,7.034193992614746,nan,nan,3.3241,nan,0.1
7,297,8.451213121414185,8.079105377197266,nan,nan,3.1647,nan,0.1
7,298,8.479624509811401,10.872623443603516,nan,nan,3.1504,nan,0.1
7,299,8.507791757583618,6.184115409851074,nan,nan,3.1669,nan,0.1
7,300,8.536058902740479,8.604060173034668,nan,nan,3.1607,nan,0.1
7,301,8.56416130065918,15.425664901733398,nan,nan,3.1380,nan,0.1
7,302,8.59256100654602,3.5774219036102295,nan,nan,3.0951,nan,0.1
7,303,8.620334148406982,5.446252822875977,nan,nan,3.1099,nan,0.1
7,304,8.649009943008423,6.580810546875,nan,nan,3.0857,nan,0.1
7,305,8.676920175552368,7.644519805908203,nan,nan,3.1059,nan,0.1
7,306,8.705385446548462,6.358538627624512,nan,nan,3.0355,nan,0.1
7,307,8.733314514160156,9.32933521270752,nan,nan,3.0143,nan,0.1
7,308,8.762064218521118,4.059303283691406,nan,nan,2.9908,nan,0.1
7,309,8.790712356567383,6.968905448913574,nan,nan,2.9675,nan,0.1
7,310,8.818167686462402,3.672650098800659,nan,nan,2.9546,nan,0.1
7,311,8.84669804573059,11.74047565460205,nan,nan,2.9147,nan,0.1
7,312,8.87470030784607,10.01530647277832,nan,nan,2.8830,nan,0.1
7,313,8.903491020202637,4.500348091125488,nan,nan,2.9206,nan,0.1
7,314,8.932312965393066,7.206151485443115,nan,nan,2.8592,nan,0.1
7,315,8.96108102798462,9.0956449508667,nan,nan,2.8273,nan,0.1
7,316,8.987988710403442,8.367969512939453,nan,nan,2.8522,nan,0.1
7,317,9.01686716079712,8.601261138916016,nan,nan,2.8405,nan,0.1
7,318,9.048313856124878,4.682147979736328,nan,nan,2.7918,nan,0.1
7,319,9.076607704162598,8.819791793823242,nan,nan,2.7683,nan,0.1
7,320,9.104530572891235,7.197810649871826,nan,nan,2.7706,nan,0.1
7,321,9.133110284805298,2.929518699645996,nan,nan,2.7310,nan,0.1
7,322,9.160507440567017,6.304383277893066,nan,nan,2.7285,nan,0.1
7,323,9.18954849243164,7.548952102661133,nan,nan,2.7238,nan,0.1
7,324,9.221221923828125,8.11003303527832,nan,nan,2.7348,nan,0.1
7,325,9.248954057693481,4.7955322265625,nan,nan,2.7336,nan,0.1
7,326,9.277600288391113,6.432512283325195,nan,nan,2.7189,nan,0.1
7,327,9.30594253540039,9.950243949890137,nan,nan,2.7108,nan,0.1
7,328,9.329326152801514,4.4249067306518555,nan,nan,2.7122,nan,0.1
7,329,9.353610038757324,6.278744220733643,nan,nan,2.7174,nan,0.1
7,330,9.535924196243286,10.682080268859863,7.667969744256202,17.71657470703125,2.6942,3.0434,0.1
8,331,9.558216571807861,3.5038094520568848,nan,nan,2.6949,nan,0.1
8,332,9.582509517669678,1.4298210144042969,nan,nan,2.7156,nan,0.1
8,333,9.60624361038208,5.8141093254089355,nan,nan,2.6775,nan,0.1
8,334,9.630750894546509,3.791520357131958,nan,nan,2.6373,nan,0.1
8,335,9.65446424484253,5.279049873352051,nan,nan,2.6640,nan,0.1
8,336,9.679184913635254,7.644170761108398,nan,nan,2.5830,nan,0.1
8,337,9.703468322753906,3.1635777950286865,nan,nan,2.5712,nan,0.1
8,338,9.728036642074585,5.8692522048950195,nan,nan,2.5531,nan,0.1
8,339,9.75271987915039,7.917014122009277,nan,nan,2.5288,nan,0.1
8,340,9.77699089050293,1.9122095108032227,nan,nan,2.5092,nan,0.1
8,341,9.801476240158081,5.5739264488220215,nan,nan,2.4997,nan,0.1
8,342,9.826047420501709,3.611950159072876,nan,nan,2.4965,nan,0.1
8,343,9.850430250167847,3.759007215499878,nan,nan,2.4561,nan,0.1
8,344,9.874712228775024,3.8757407665252686,nan,nan,2.4666,nan,0.1
8,345,9.899411916732788,6.805767059326172,nan,nan,2.4296,nan,0.1
8,346,9.923741340637207,11.629401206970215,nan,nan,2.3959,nan,0.1
8,347,9.948285341262817,5.337796211242676,nan,nan,2.3670,nan,0.1
8,348,9.972175598144531,3.1242902278900146,nan,nan,2.3485,nan,0.1
8,349,9.997560501098633,1.6792970895767212,nan,nan,2.3187,nan,0.1
8,350,10.021581888198853,7.038159370422363,nan,nan,2.3226,nan,0.1
8,351,10.04604434967041,3.333908796310425,nan,nan,2.2626,nan,0.1
8,352,10.069539308547974,2.5829036235809326,nan,nan,2.2880,nan,0.1
8,353,10.093926906585693,6.701672554016113,nan,nan,2.3414,nan,0.1
8,354,10.118398189544678,6.813948631286621,nan,nan,2.2352,nan,0.1
8,355,10.143610000610352,10.920177459716797,nan,nan,2.1571,nan,0.1
8,356,10.167986154556274,6.473807334899902,nan,nan,2.0964,nan,0.1
8,357,10.193557024002075,2.9824185371398926,nan,nan,2.1164,nan,0.1
8,358,10.217764139175415,6.419907569885254,nan,nan,2.1001,nan,0.1
8,359,10.24274230003357,7.242737770080566,nan,nan,2.0823,nan,0.1
8,360,10.267307996749878,5.415467262268066,nan,nan,2.0906,nan,0.1
8,361,10.292725563049316,4.312601089477539,nan,nan,2.0654,nan,0.1
8,362,10.317267417907715,5.077594757080078,nan,nan,2.0386,nan,0.1
8,363,10.34274172782898,7.729913234710693,nan,nan,2.0654,nan,0.1
8,364,10.367535829544067,2.9615674018859863,nan,nan,2.0940,nan,0.1
8,365,10.392168760299683,4.8599958419799805,nan,nan,1.9616,nan,0.1
8,366,10.416643142700195,4.2848896980285645,nan,nan,1.9417,nan,0.1
8,367,10.439431428909302,6.954067707061768,nan,nan,1.9363,nan,0.1
8,368,10.464327335357666,4.151541709899902,nan,nan,1.9318,nan,0.1
8,369,10.489426374435425,4.040185451507568,nan,nan,1.9361,nan,0.1
8,370,10.512502193450928,4.5012593269348145,nan,nan,1.9152,nan,0.1
8,371,10.539028644561768,7.1968817710876465,nan,nan,1.9449,nan,0.1
8,372,10.564351797103882,2.258666515350342,nan,nan,1.9152,nan,0.1
8,373,10.590975522994995,4.96719217300415,nan,nan,1.9011,nan,0.1
8,374,10.616082668304443,2.7262024879455566,nan,nan,1.9258,nan,0.1
8,375,10.641968250274658,11.012574195861816,nan,nan,1.8971,nan,0.1
8,376,10.666527032852173,3.004847526550293,nan,nan,1.8855,nan,0.1
8,377,10.851444959640503,2.384046792984009,5.107890370044302,15.396276000976563,1.8755,2.2391,0.1
9,378,10.874737024307251,3.098939895629883,nan,nan,1.8909,nan,0.1
9,379,10.900556325912476,3.3061509132385254,nan,nan,1.8946,nan,0.1
9,380,10.925536632537842,3.985297441482544,nan,nan,1.8974,nan,0.1
9,381,10.951621532440186,3.603114366531372,nan,nan,1.9048,nan,0.1
9,382,10.977132797241211,3.1502273082733154,nan,nan,1.8415,nan,0.1
9,383,11.000178098678589,2.0067543983459473,nan,nan,1.8542,nan,0.1
9,384,11.029091119766235,1.0863598585128784,nan,nan,1.8563,nan,0.1
9,385,11.05216360092163,1.4459737539291382,nan,nan,1.8521,nan,0.1
9,386,11.077508211135864,0.45709502696990967,nan,nan,1.8489,nan,0.1
9,387,11.103124856948853,4.784062385559082,nan,nan,1.8512,nan,0.1
9,388,11.126736640930176,2.3997135162353516,nan,nan,1.8477,nan,0.1
9,389,11.152145147323608,0.8325685262680054,nan,nan,1.8370,nan,0.1
9,390,11.175602436065674,1.2771689891815186,nan,nan,1.8221,nan,0.1
9,391,11.209651947021484,6.1637420654296875,nan,nan,1.8420,nan,0.1
9,392,11.23265552520752,5.0877299308776855,nan,nan,1.8626,nan,0.1
9,393,11.25795602798462,1.4574946165084839,nan,nan,1.8484,nan,0.1
9,394,11.280914068222046,4.346855640411377,nan,nan,1.8293,nan,0.1
9,395,11.306298017501831,2.096618175506592,nan,nan,1.8317,nan,0.1
9,396,11.32998013496399,2.643618106842041,nan,nan,1.8519,nan,0.1
9,397,11.354993104934692,6.251425743103027,nan,nan,1.7788,nan,0.1
9,398,11.38076663017273,2.072629451751709,nan,nan,1.7831,nan,0.1
9,399,11.404749870300293,3.0654759407043457,nan,nan,1.8581,nan,0.1
9,400,11.429944276809692,7.735731601715088,nan,nan,1.7767,nan,0.1
9,401,11.452698945999146,4.924726486206055,nan,nan,1.8200,nan,0.1
9,402,11.477783441543579,3.834167003631592,nan,nan,1.7071,nan,0.1
9,403,11.500835418701172,4.456811428070068,nan,nan,1.7259,nan,0.1
9,404,11.526182174682617,11.331151962280273,nan,nan,1.7421,nan,0.1
9,405,11.552701234817505,4.392744064331055,nan,nan,1.7702,nan,0.1
9,406,11.578238487243652,1.3804124593734741,nan,nan,1.7427,nan,0.1
9,407,11.603739261627197,5.006126403808594,nan,nan,1.7174,nan,0.1
9,408,11.631370306015015,3.1003611087799072,nan,nan,1.6927,nan,0.1
9,409,11.66144609451294,1.060977816581726,nan,nan,1.7084,nan,0.1
9,410,11.688180685043335,2.78279447555542,nan,nan,1.7162,nan,0.1
9,411,11.719636678695679,4.330196380615234,nan,nan,1.6805,nan,0.1
9,412,11.751184940338135,8.027950286865234,nan,nan,1.6724,nan,0.1
9,413,11.779698610305786,5.226096153259277,nan,nan,1.6610,nan,0.1
9,414,11.80810284614563,3.6784589290618896,nan,nan,1.6389,nan,0.1
9,415,11.83580756187439,5.29915714263916,nan,nan,1.5767,nan,0.1
9,416,11.864132642745972,1.3928906917572021,nan,nan,1.6000,nan,0.1
9,417,11.890795707702637,3.2934563159942627,nan,nan,1.5856,nan,0.1
9,418,11.919228315353394,3.4730701446533203,nan,nan,1.5832,nan,0.1
9,419,11.946996927261353,5.948696613311768,nan,nan,1.5679,nan,0.1
9,420,11.976129293441772,5.572906494140625,nan,nan,1.5590,nan,0.1
9,421,12.00287914276123,4.521728038787842,nan,nan,1.5163,nan,0.1
9,422,12.0315580368042,2.9326565265655518,nan,nan,1.5343,nan,0.1
9,423,12.059547662734985,6.290057182312012,nan,nan,1.4815,nan,0.1
9,424,12.243008136749268,1.8568834066390991,3.75466436528145,14.200472900390626,1.4784,1.7434,0.1
10,425,12.268885850906372,3.7435967922210693,nan,nan,1.4701,nan,0.1
10,426,12.298105478286743,1.315021276473999,nan,nan,1.5159,nan,0.1
10,427,12.324873208999634,0.4412217140197754,nan,nan,1.5079,nan,0.1
10,428,12.353532075881958,2.6617188453674316,nan,nan,1.4801,nan,0.1
10,429,12.38266110420227,0.0906902551651001,nan,nan,1.5013,nan,0.1
10,430,12.410242319107056,3.179990291595459,nan,nan,1.4657,nan,0.1
10,431,12.438796758651733,2.76155161857605,nan,nan,1.4791,nan,0.1
10,432,12.465695142745972,3.2711181640625,nan,nan,1.4516,nan,0.1
10,433,12.49467158317566,2.2948060035705566,nan,nan,1.4336,nan,0.1
10,434,12.522097110748291,1.0765208005905151,nan,nan,1.4405,nan,0.1
10,435,12.550530672073364,2.564140796661377,nan,nan,1.4408,nan,0.1
10,436,12.57379674911499,1.2162755727767944,nan,nan,1.4492,nan,0.1
10,437,12.59864091873169,3.063671112060547,nan,nan,1.4044,nan,0.1
10,438,12.622161626815796,5.814072132110596,nan,nan,1.3562,nan,0.1
10,439,12.646795749664307,1.485422134399414,nan,nan,1.4102,nan,0.1
10,440,12.670499563217163,2.515242576599121,nan,nan,1.4463,nan,0.1
10,441,12.694616317749023,5.559723854064941,nan,nan,1.4442,nan,0.1
10,442,12.71855902671814,1.3971811532974243,nan,nan,1.4141,nan,0.1
10,443,12.743090391159058,3.5818328857421875,nan,nan,1.3754,nan,0.1
10,444,12.766797542572021,3.2770087718963623,nan,nan,1.3799,nan,0.1
10,445,12.791506052017212,0.7323101758956909,nan,nan,1.3638,nan,0.1
10,446,12.815487623214722,7.098830699920654,nan,nan,1.4010,nan,0.1
10,447,12.839879035949707,3.738316297531128,nan,nan,1.3754,nan,0.1
10,448,12.86267614364624,2.367314577102661,nan,nan,1.3590,nan,0.1
10,449,12.887124300003052,2.2412288188934326,nan,nan,1.2899,nan,0.1
10,450,12.910690307617188,4.31674861907959,nan,nan,1.3128,nan,0.1
10,451,12.93558406829834,0.5840713977813721,nan,nan,1.3067,nan,0.1
10,452,12.959146976470947,3.8469901084899902,nan,nan,1.2934,nan,0.1
10,453,12.984048843383789,1.2440942525863647,nan,nan,1.3076,nan,0.1
10,454,13.0070059299469,0.8595457077026367,nan,nan,1.3302,nan,0.1
10,455,13.031717777252197,2.3957109451293945,nan,nan,1.3243,nan,0.1
10,456,13.055152893066406,1.9863345623016357,nan,nan,1.3213,nan,0.1
10,457,13.080200672149658,3.96761417388916,nan,nan,1.2949,nan,0.1
10,458,13.104161262512207,3.3607094287872314,nan,nan,1.2846,nan,0.1
10,459,13.128868103027344,0.240484356880188,nan,nan,1.2938,nan,0.1
10,460,13.15221357345581,2.9670820236206055,nan,nan,1.2980,nan,0.1
10,461,13.177477836608887,2.698596477508545,nan,nan,1.3200,nan,0.1
10,462,13.20565676689148,2.4640140533447266,nan,nan,1.3686,nan,0.1
10,463,13.231029033660889,1.2012927532196045,nan,nan,1.4305,nan,0.1
10,464,13.255395412445068,1.2648741006851196,nan,nan,1.4461,nan,0.1
10,465,13.280994892120361,5.00761079788208,nan,nan,1.4194,nan,0.1
10,466,13.30400562286377,2.546079397201538,nan,nan,1.3960,nan,0.1
10,467,13.329225778579712,3.04312801361084,nan,nan,1.3683,nan,0.1
10,468,13.353073120117188,4.525140762329102,nan,nan,1.3793,nan,0.1
10,469,13.378660678863525,0.8057305812835693,nan,nan,1.3723,nan,0.1
10,470,13.401718616485596,1.1722691059112549,nan,nan,1.3663,nan,0.1
10,471,13.584227800369263,4.688991069793701,2.6101259576513414,13.700050109863282,1.3656,1.3884,0.1
11,472,13.606613636016846,3.1484270095825195,nan,nan,1.3526,nan,0.1
11,473,13.631776571273804,1.361821174621582,nan,nan,1.3631,nan,0.1
11,474,13.65461802482605,2.0111567974090576,nan,nan,1.3719,nan,0.1
11,475,13.67954158782959,2.1835789680480957,nan,nan,1.3607,nan,0.1
11,476,13.70389199256897,2.2271318435668945,nan,nan,1.3446,nan,0.1
11,477,13.72856593132019,0.6261965036392212,nan,nan,1.3427,nan,0.1
11,478,13.752564907073975,0.773618221282959,nan,nan,1.3431,nan,0.1
11,479,13.778469800949097,3.850043296813965,nan,nan,1.3247,nan,0.1
11,480,13.803484916687012,0.7054864168167114,nan,nan,1.3306,nan,0.1
11,481,13.82959270477295,0.986689567565918,nan,nan,1.3120,nan,0.1
11,482,13.854665517807007,3.4830803871154785,nan,nan,1.3042,nan,0.1
11,483,13.880655765533447,2.395895004272461,nan,nan,1.3157,nan,0.1
11,484,13.906298637390137,4.680858135223389,nan,nan,1.2760,nan,0.1
11,485,13.932928562164307,1.1068276166915894,nan,nan,1.2542,nan,0.1
11,486,13.95809531211853,1.312174677848816,nan,nan,1.2504,nan,0.1
11,487,13.984213829040527,0.5819963216781616,nan,nan,1.2394,nan,0.1
11,488,14.009511470794678,0.7524001598358154,nan,nan,1.2277,nan,0.1
11,489,14.035396814346313,3.3418591022491455,nan,nan,1.2355,nan,0.1
11,490,14.060981035232544,2.452831745147705,nan,nan,1.2572,nan,0.1
11,491,14.087266683578491,2.9692089557647705,nan,nan,1.2341,nan,0.1
11,492,14.113588571548462,4.689969539642334,nan,nan,1.2011,nan,0.1
11,493,14.140751838684082,0.059427618980407715,nan,nan,1.1969,nan,0.1
11,494,14.166008472442627,2.1234960556030273,nan,nan,1.1900,nan,0.1
11,495,14.192477703094482,0.5924510359764099,nan,nan,1.1895,nan,0.1
11,496,14.218498706817627,1.3990185260772705,nan,nan,1.1819,nan,0.1
11,497,14.244494199752808,2.845918893814087,nan,nan,1.1895,nan,0.1
11,498,14.270246028900146,1.3548336029052734,nan,nan,1.2135,nan,0.1
11,499,14.296478509902954,1.735966444015503,nan,nan,1.1992,nan,0.1
11,500,14.321218967437744,1.303125262260437,nan,nan,1.1617,nan,0.1
11,501,14.347543954849243,1.242268443107605,nan,nan,1.1705,nan,0.1
11,502,14.373671770095825,1.0269262790679932,nan,nan,1.1928,nan,0.1
11,503,14.399467468261719,1.824453592300415,nan,nan,1.2088,nan,0.1
11,504,14.425461053848267,0.15213346481323242,nan,nan,1.1920,nan,0.1
11,505,14.450528383255005,1.0581097602844238,nan,nan,1.1958,nan,0.1
11,506,14.476324558258057,2.572270393371582,nan,nan,1.1858,nan,0.1
11,507,14.502176761627197,1.2045071125030518,nan,nan,1.1738,nan,0.1
11,508,14.528210163116455,3.6751272678375244,nan,nan,1.1662,nan,0.1
11,509,14.553083419799805,0.6376039981842041,nan,nan,1.1613,nan,0.1
11,510,14.579055309295654,5.6138505935668945,nan,nan,1.1550,nan,0.1
11,511,14.605209112167358,6.296084880828857,nan,nan,1.1258,nan,0.1
11,512,14.630253553390503,1.0772614479064941,nan,nan,1.1166,nan,0.1
11,513,14.655690670013428,3.5174570083618164,nan,nan,1.1243,nan,0.1
11,514,14.68141794204712,2.450819969177246,nan,nan,1.0913,nan,0.1
11,515,14.710158586502075,1.6167176961898804,nan,nan,1.0880,nan,0.1
11,516,14.737345457077026,2.116621494293213,nan,nan,1.1024,nan,0.1
11,517,14.766162395477295,1.6748653650283813,nan,nan,1.1095,nan,0.1
11,518,14.949785709381104,0.6280550360679626,2.0306515465391444,11.809961730957031,1.1212,1.2222,0.1
12,519,14.975096702575684,3.4112696647644043,nan,nan,1.0856,nan,0.1
12,520,15.004183053970337,1.0326844453811646,nan,nan,1.0769,nan,0.1
12,521,15.038533926010132,0.846326470375061,nan,nan,1.0693,nan,0.1
12,522,15.067470073699951,0.6325302124023438,nan,nan,1.0764,nan,0.1
12,523,15.095072507858276,1.3639024496078491,nan,nan,1.0652,nan,0.1
12,524,15.124207019805908,3.4889094829559326,nan,nan,1.0683,nan,0.1
12,525,15.15243148803711,1.5663650035858154,nan,nan,1.0616,nan,0.1
12,526,15.181349515914917,0.5405988693237305,nan,nan,1.0591,nan,0.1
12,527,15.214286804199219,3.3369970321655273,nan,nan,1.0762,nan,0.1
12,528,15.24263072013855,1.0769367218017578,nan,nan,1.0372,nan,0.1
12,529,15.27105164527893,0.5624364614486694,nan,nan,1.0390,nan,0.1
12,530,15.298726797103882,0.6398532390594482,nan,nan,1.0383,nan,0.1
12,531,15.325970888137817,1.4846632480621338,nan,nan,1.0316,nan,0.1
12,532,15.353158712387085,1.0265772342681885,nan,nan,1.0275,nan,0.1
12,533,15.381492376327515,2.767726421356201,nan,nan,1.0356,nan,0.1
12,534,15.411505937576294,1.5485635995864868,nan,nan,1.0419,nan,0.1
12,535,15.439160823822021,2.6302313804626465,nan,nan,1.0820,nan,0.1
12,536,15.466617345809937,2.2291693687438965,nan,nan,1.0093,nan,0.1
12,537,15.495133399963379,0.6151874661445618,nan,nan,1.0230,nan,0.1
12,538,15.522170782089233,1.2152166366577148,nan,nan,1.0153,nan,0.1
12,539,15.549872398376465,0.02864229679107666,nan,nan,1.0175,nan,0.1
12,540,15.577648401260376,1.5553696155548096,nan,nan,1.0020,nan,0.1
12,541,15.604480028152466,1.084383487701416,nan,nan,0.9743,nan,0.1
12,542,15.63211703300476,1.0764107704162598,nan,nan,0.9697,nan,0.1
12,543,15.657262563705444,0.6688107252120972,nan,nan,0.9559,nan,0.1
12,544,15.679884195327759,1.5220630168914795,nan,nan,0.9773,nan,0.1
12,545,15.703738927841187,0.909948468208313,nan,nan,0.9795,nan,0.1
12,546,15.728129148483276,1.5289733409881592,nan,nan,0.9941,nan,0.1
12,547,15.749995470046997,0.964116096496582,nan,nan,0.9316,nan,0.1
12,548,15.77397632598877,3.5520386695861816,nan,nan,0.9633,nan,0.1
12,549,15.79662036895752,0.29180145263671875,nan,nan,0.9831,nan,0.1
12,550,15.821029901504517,0.5486637353897095,nan,nan,0.9577,nan,0.1
12,551,15.843703746795654,0.8626236915588379,nan,nan,0.9571,nan,0.1
12,552,15.868062973022461,1.4976369142532349,nan,nan,0.9295,nan,0.1
12,553,15.892444849014282,2.659541130065918,nan,nan,0.9544,nan,0.1
12,554,15.916853189468384,0.38784313201904297,nan,nan,0.9473,nan,0.1
12,555,15.941442966461182,1.6427650451660156,nan,nan,0.8914,nan,0.1
12,556,15.964694261550903,2.196235179901123,nan,nan,0.9106,nan,0.1
12,557,15.989171981811523,1.062275767326355,nan,nan,0.9276,nan,0.1
12,558,16.01197123527527,1.6869806051254272,nan,nan,0.9625,nan,0.1
12,559,16.036448001861572,1.9911131858825684,nan,nan,0.9608,nan,0.1
12,560,16.058626413345337,0.8962129354476929,nan,nan,0.9373,nan,0.1
12,561,16.083271503448486,2.3060693740844727,nan,nan,0.9271,nan,0.1
12,562,16.106873989105225,1.2306427955627441,nan,nan,0.9131,nan,0.1
12,563,16.131508111953735,2.4173502922058105,nan,nan,0.9228,nan,0.1
12,564,16.155933618545532,1.8215370178222656,nan,nan,0.9223,nan,0.1
12,565,16.34223198890686,1.904867172241211,1.4959800281423203,11.427752075195313,0.9420,0.9943,0.1
13,566,16.36559224128723,3.4776766300201416,nan,nan,0.9201,nan,0.1
13,567,16.390546798706055,0.19653552770614624,nan,nan,0.9043,nan,0.1
13,568,16.413845777511597,0.5034166574478149,nan,nan,0.8947,nan,0.1
13,569,16.43914771080017,1.905525803565979,nan,nan,0.8953,nan,0.1
13,570,16.462620735168457,2.0244603157043457,nan,nan,0.9039,nan,0.1
13,571,16.48782181739807,0.11739397048950195,nan,nan,0.9035,nan,0.1
13,572,16.512459993362427,1.2146432399749756,nan,nan,0.8873,nan,0.1
13,573,16.537588357925415,1.4764659404754639,nan,nan,0.8813,nan,0.1
13,574,16.561448335647583,1.729620099067688,nan,nan,0.8833,nan,0.1
13,575,16.58696961402893,2.2764103412628174,nan,nan,0.8936,nan,0.1
13,576,16.610140323638916,0.7121827602386475,nan,nan,0.8974,nan,0.1
13,577,16.635124683380127,2.142292022705078,nan,nan,0.9054,nan,0.1
13,578,16.65894079208374,0.8889755606651306,nan,nan,0.9275,nan,0.1
13,579,16.68315815925598,0.6185046434402466,nan,nan,0.9062,nan,0.1
13,580,16.706488370895386,0.3188973665237427,nan,nan,0.8995,nan,0.1
13,581,16.728278398513794,0.29840898513793945,nan,nan,0.8812,nan,0.1
13,582,16.751505374908447,1.4051623344421387,nan,nan,0.8978,nan,0.1
13,583,16.77295732498169,0.7535631656646729,nan,nan,0.8849,nan,0.1
13,584,16.794929265975952,0.0035092830657958984,nan,nan,0.8852,nan,0.1
13,585,16.816532850265503,1.298239827156067,nan,nan,0.8800,nan,0.1
13,586,16.839283227920532,1.5200316905975342,nan,nan,0.8822,nan,0.1
13,587,16.86304807662964,1.9907011985778809,nan,nan,0.8854,nan,0.1
13,588,16.8881356716156,0.747626006603241,nan,nan,0.8892,nan,0.1
13,589,16.911258459091187,1.3081926107406616,nan,nan,0.8758,nan,0.1
13,590,16.93515396118164,0.821341872215271,nan,nan,0.8873,nan,0.1
13,591,16.958685398101807,0.6606565713882446,nan,nan,0.8925,nan,0.1
13,592,16.983502864837646,1.346549391746521,nan,nan,0.8913,nan,0.1
13,593,17.00623106956482,1.4667307138442993,nan,nan,0.8808,nan,0.1
13,594,17.034390687942505,0.14255356788635254,nan,nan,0.8841,nan,0.1
13,595,17.057983875274658,0.14545035362243652,nan,nan,0.8753,nan,0.1
13,596,17.081587314605713,3.655211925506592,nan,nan,0.8570,nan,0.1
13,597,17.104758262634277,1.0838470458984375,nan,nan,0.9011,nan,0.1
13,598,17.1283597946167,0.3079069256782532,nan,nan,0.8980,nan,0.1
13,599,17.152620553970337,0.7225151062011719,nan,nan,0.8763,nan,0.1
13,600,17.176453590393066,1.7219374179840088,nan,nan,0.8806,nan,0.1
13,601,17.204896926879883,1.367428183555603,nan,nan,0.8713,nan,0.1
13,602,17.22994613647461,1.5425888299942017,nan,nan,0.8999,nan,0.1
13,603,17.25289821624756,0.5943422317504883,nan,nan,0.8962,nan,0.1
13,604,17.276071310043335,0.47234344482421875,nan,nan,0.8851,nan,0.1
13,605,17.298729419708252,0.9195321798324585,nan,nan,0.8532,nan,0.1
13,606,17.32294464111328,1.605715036392212,nan,nan,0.8517,nan,0.1
13,607,17.345967054367065,1.2688920497894287,nan,nan,0.8464,nan,0.1
13,608,17.371097087860107,0.6591367125511169,nan,nan,0.8400,nan,0.1
13,609,17.395588636398315,0.8313316702842712,nan,nan,0.8346,nan,0.1
13,610,17.418294668197632,2.847217559814453,nan,nan,0.8345,nan,0.1
13,611,17.442000150680542,0.2870902419090271,nan,nan,0.8637,nan,0.1
13,612,17.62291383743286,3.953556537628174,1.2202619479057637,10.723867248535155,0.8552,0.8834,0.1
14,613,17.64570927619934,0.394985556602478,nan,nan,0.8182,nan,0.1
14,614,17.668962955474854,0.9420525431632996,nan,nan,0.8204,nan,0.1
14,615,17.69321370124817,0.13454878330230713,nan,nan,0.8051,nan,0.1
14,616,17.717648029327393,0.45707249641418457,nan,nan,0.8007,nan,0.1
14,617,17.74044966697693,0.6454386711120605,nan,nan,0.7974,nan,0.1
14,618,17.76373291015625,0.20629453659057617,nan,nan,0.7977,nan,0.1
14,619,17.786319732666016,2.260281801223755,nan,nan,0.7895,nan,0.1
14,620,17.8098406791687,1.1485724449157715,nan,nan,0.7926,nan,0.1
14,621,17.83243179321289,1.1711146831512451,nan,nan,0.7629,nan,0.1
14,622,17.85544443130493,3.0867419242858887,nan,nan,0.7828,nan,0.1
14,623,17.87801742553711,0.9842848181724548,nan,nan,0.7905,nan,0.1
14,624,17.905552625656128,0.8250253200531006,nan,nan,0.7932,nan,0.1
14,625,17.931777954101562,0.022644758224487305,nan,nan,0.7940,nan,0.1
14,626,17.959129810333252,0.48197561502456665,nan,nan,0.7728,nan,0.1
14,627,17.986199855804443,0.9331969022750854,nan,nan,0.7725,nan,0.1
14,628,18.01415181159973,0.37792325019836426,nan,nan,0.7680,nan,0.1
14,629,18.0405912399292,0.7290940284729004,nan,nan,0.7588,nan,0.1
14,630,18.067297220230103,1.5604032278060913,nan,nan,0.7748,nan,0.1
14,631,18.094045400619507,3.00297212600708,nan,nan,0.7361,nan,0.1
14,632,18.12264895439148,0.8698697686195374,nan,nan,0.7360,nan,0.1
14,633,18.149245977401733,1.4278535842895508,nan,nan,0.7396,nan,0.1
14,634,18.176623582839966,1.0264816284179688,nan,nan,0.7404,nan,0.1
14,635,18.20929718017578,0.034020066261291504,nan,nan,0.7369,nan,0.1
14,636,18.236870765686035,0.14494073390960693,nan,nan,0.7491,nan,0.1
14,637,18.265815258026123,0.3465995788574219,nan,nan,0.7388,nan,0.1
14,638,18.293502807617188,0.0017404556274414062,nan,nan,0.7388,nan,0.1
14,639,18.322171926498413,0.18703365325927734,nan,nan,0.7411,nan,0.1
14,640,18.3499915599823,0.7835335731506348,nan,nan,0.7110,nan,0.1
14,641,18.37876296043396,0.20836800336837769,nan,nan,0.7413,nan,0.1
14,642,18.406718015670776,0.22205692529678345,nan,nan,0.7444,nan,0.1
14,643,18.435718774795532,0.3001865744590759,nan,nan,0.7456,nan,0.1
14,644,18.46419930458069,3.9950666427612305,nan,nan,0.7110,nan,0.1
14,645,18.49365210533142,1.344192385673523,nan,nan,0.7100,nan,0.1
14,646,18.522380828857422,2.278357744216919,nan,nan,0.6603,nan,0.1
14,647,18.550246477127075,1.0849628448486328,nan,nan,0.6794,nan,0.1
14,648,18.579480409622192,0.2723665237426758,nan,nan,0.6798,nan,0.1
14,649,18.603705167770386,0.4606173634529114,nan,nan,0.6719,nan,0.1
14,650,18.628870964050293,0.08845728635787964,nan,nan,0.6678,nan,0.1
14,651,18.653185844421387,1.040309190750122,nan,nan,0.6628,nan,0.1
14,652,18.678019285202026,0.6883770227432251,nan,nan,0.6626,nan,0.1
14,653,18.701284408569336,1.1238493919372559,nan,nan,0.6573,nan,0.1
14,654,18.72593402862549,0.3680075407028198,nan,nan,0.6623,nan,0.1
14,655,18.74850869178772,2.137362480163574,nan,nan,0.6673,nan,0.1
14,656,18.770724534988403,1.3554757833480835,nan,nan,0.6272,nan,0.1
14,657,18.79479455947876,0.11223959922790527,nan,nan,0.6195,nan,0.1
14,658,18.81935477256775,0.42042332887649536,nan,nan,0.6152,nan,0.1
14,659,19.00346302986145,0.8261078596115112,0.9045421493814346,10.495267456054687,0.6198,0.7312,0.1
15,660,19.02799129486084,0.37808531522750854,nan,nan,0.6306,nan,0.1
15,661,19.049734830856323,0.2137589454650879,nan,nan,0.6232,nan,0.1
15,662,19.071133136749268,0.19848167896270752,nan,nan,0.6026,nan,0.1
15,663,19.0927791595459,0.14140981435775757,nan,nan,0.6025,nan,0.1
15,664,19.11447238922119,1.3068733215332031,nan,nan,0.5985,nan,0.1
15,665,19.137901067733765,0.6304903626441956,nan,nan,0.6020,nan,0.1
15,666,19.159600496292114,0.1572895646095276,nan,nan,0.6017,nan,0.1
15,667,19.18249273300171,1.5881943702697754,nan,nan,0.5938,nan,0.1
15,668,19.204051971435547,0.07505440711975098,nan,nan,0.5937,nan,0.1
15,669,19.226449489593506,0.38939058780670166,nan,nan,0.5923,nan,0.1
15,670,19.248056650161743,1.7700718641281128,nan,nan,0.5927,nan,0.1
15,671,19.269404888153076,0.1615980863571167,nan,nan,0.6034,nan,0.1
15,672,19.29087734222412,1.2836719751358032,nan,nan,0.5894,nan,0.1
15,673,19.314300298690796,0.16885995864868164,nan,nan,0.5865,nan,0.1
15,674,19.336557626724243,2.3553037643432617,nan,nan,0.5724,nan,0.1
15,675,19.360510110855103,0.15195608139038086,nan,nan,0.5763,nan,0.1
15,676,19.38269877433777,0.6198590397834778,nan,nan,0.5810,nan,0.1
15,677,19.405885219573975,0.9146856665611267,nan,nan,0.5727,nan,0.1
15,678,19.42809820175171,0.1774047613143921,nan,nan,0.5865,nan,0.1
15,679,19.452224254608154,0.37899643182754517,nan,nan,0.6043,nan,0.1
15,680,19.47733998298645,0.3090270757675171,nan,nan,0.6063,nan,0.1
15,681,19.50170588493347,0.17293870449066162,nan,nan,0.5974,nan,0.1
15,682,19.52669882774353,0.6772145628929138,nan,nan,0.5886,nan,0.1
15,683,19.550825119018555,1.5537521839141846,nan,nan,0.5862,nan,0.1
15,684,19.576601266860962,0.03308910131454468,nan,nan,0.5900,nan,0.1
15,685,19.600207090377808,1.0210257768630981,nan,nan,0.5644,nan,0.1
15,686,19.624889612197876,0.5063851475715637,nan,nan,0.5530,nan,0.1
15,687,19.64841103553772,0.7310452461242676,nan,nan,0.5465,nan,0.1
15,688,19.672739267349243,0.27141159772872925,nan,nan,0.5916,nan,0.1
15,689,19.696741104125977,0.13995110988616943,nan,nan,0.5637,nan,0.1
15,690,19.721103191375732,0.9800525903701782,nan,nan,0.5500,nan,0.1
15,691,19.745677709579468,8.249282836914062e-05,nan,nan,0.5506,nan,0.1
15,692,19.76996350288391,0.10840624570846558,nan,nan,0.5456,nan,0.1
15,693,19.795573472976685,0.5695141553878784,nan,nan,0.5411,nan,0.1
15,694,19.82119393348694,0.17201441526412964,nan,nan,0.5447,nan,0.1
15,695,19.84612011909485,0.6089576482772827,nan,nan,0.5464,nan,0.1
15,696,19.872692823410034,0.3795393705368042,nan,nan,0.5471,nan,0.1
15,697,19.897940635681152,1.2154057025909424,nan,nan,0.5321,nan,0.1
15,698,19.923994064331055,1.2974210977554321,nan,nan,0.5383,nan,0.1
15,699,19.9487566947937,0.382387638092041,nan,nan,0.5343,nan,0.1
15,700,19.97459602355957,0.062209248542785645,nan,nan,0.5415,nan,0.1
15,701,19.99958348274231,1.0433523654937744,nan,nan,0.5433,nan,0.1
15,702,20.02872061729431,0.8526154160499573,nan,nan,0.5426,nan,0.1
15,703,20.0547776222229,1.510978102684021,nan,nan,0.5293,nan,0.1
15,704,20.08062434196472,0.2677813768386841,nan,nan,0.5248,nan,0.1
15,705,20.10501456260681,0.4755675792694092,nan,nan,0.5226,nan,0.1
15,706,20.291049242019653,0.6692435145378113,0.618570329026973,9.893741821289062,0.4966,0.5707,0.1
16,707,20.314162731170654,0.40400540828704834,nan,nan,0.5005,nan,0.1
16,708,20.3398380279541,0.04845708608627319,nan,nan,0.4993,nan,0.1
16,709,20.364693880081177,0.6798040866851807,nan,nan,0.4708,nan,0.1
16,710,20.39013648033142,0.39235949516296387,nan,nan,0.4821,nan,0.1
16,711,20.41478443145752,0.41146743297576904,nan,nan,0.4715,nan,0.1
16,712,20.44040822982788,0.5455981492996216,nan,nan,0.4839,nan,0.1
16,713,20.46549081802368,0.04436594247817993,nan,nan,0.4909,nan,0.1
16,714,20.491260290145874,0.22185641527175903,nan,nan,0.5145,nan,0.1
16,715,20.5166175365448,0.1897069215774536,nan,nan,0.4946,nan,0.1
16,716,20.54226279258728,0.5229781866073608,nan,nan,0.5007,nan,0.1
16,717,20.566869497299194,0.307214617729187,nan,nan,0.4934,nan,0.1
16,718,20.592674255371094,0.007750391960144043,nan,nan,0.4957,nan,0.1
16,719,20.617451190948486,1.803634762763977,nan,nan,0.4839,nan,0.1
16,720,20.643015384674072,0.22433531284332275,nan,nan,0.4716,nan,0.1
16,721,20.66801643371582,0.12330299615859985,nan,nan,0.4711,nan,0.1
16,722,20.693459033966064,0.34182286262512207,nan,nan,0.4677,nan,0.1
16,723,20.721145153045654,1.2020151615142822,nan,nan,0.4671,nan,0.1
16,724,20.74695110321045,0.15370601415634155,nan,nan,0.4684,nan,0.1
16,725,20.77286434173584,0.018922090530395508,nan,nan,0.4719,nan,0.1
16,726,20.79844307899475,0.010972261428833008,nan,nan,0.4708,nan,0.1
16,727,20.8241868019104,0.0031052827835083008,nan,nan,0.4708,nan,0.1
16,728,20.849080562591553,0.055983543395996094,nan,nan,0.4692,nan,0.1
16,729,20.874722242355347,0.2688007950782776,nan,nan,0.4721,nan,0.1
16,730,20.902814865112305,1.403705358505249,nan,nan,0.4860,nan,0.1
16,731,20.931889295578003,0.1849399209022522,nan,nan,0.4836,nan,0.1
16,732,20.95982336997986,0.4086216688156128,nan,nan,0.4647,nan,0.1
16,733,20.98821783065796,1.8513938188552856,nan,nan,0.4498,nan,0.1
16,734,21.0176420211792,0.24436795711517334,nan,nan,0.4508,nan,0.1
16,735,21.045249938964844,0.5005097389221191,nan,nan,0.4623,nan,0.1
16,736,21.07456064224243,0.5506554841995239,nan,nan,0.4473,nan,0.1
16,737,21.102571964263916,0.32259035110473633,nan,nan,0.4375,nan,0.1
16,738,21.13126015663147,0.6763693690299988,nan,nan,0.4598,nan,0.1
16,739,21.15967106819153,0.632091760635376,nan,nan,0.4337,nan,0.1
16,740,21.188549518585205,0.5606855154037476,nan,nan,0.4315,nan,0.1
16,741,21.219550609588623,0.627449631690979,nan,nan,0.4457,nan,0.1
16,742,21.24813175201416,0.0008974075317382812,nan,nan,0.4460,nan,0.1
16,743,21.277212619781494,1.5426729917526245,nan,nan,0.4354,nan,0.1
16,744,21.306078672409058,0.2880389094352722,nan,nan,0.4435,nan,0.1
